Finance Experiences,PHCs-Experiences,KYP-Knitting and Stitchings,KYP-Beauty,"KYP-Watching(TV serials,youtube)",KYP-Home decor,KYP,About language,Daily life
आपके स्थानीय बैंक के साथ आपका अनुभव कैसा रहा है? क्या आपको वह सहायता मिली जिसकी आपको आवश्यकता थी? कृपया अपने विचार साझा करें.,आप जांच या उपचार के लिए अपने गांव के सार्वजनिक स्वास्थ्य केंद्र में कितनी बार जाते हैं? क्या आप किसी विशिष्ट यात्रा का वर्णन कर सकते हैं?,आपने बुनाई और सिलाई कब शुरू की और इसमें आपकी रुचि कैसे विकसित हुई? इसे करते रहने के लिए आपकी प्रेरणा क्या थी?,आपने ब्यूटी पार्लर का काम कब शुरू किया और इसमें आपकी रुचि कैसे विकसित हुई? इसे करते रहने के लिए आपकी प्रेरणा क्या थी?,आपने टीवी सीरियल देखना कब शुरू किया और इसमें आपकी रुचि कैसे विकसित हुई? कौन-कौन से चैनल और शो आपके पसंदीदा हैं?,आपने अपने घर की सजावट में रुचि कब और कैसे विकसित की? आपको इसके लिए प्रेरणा कहां से मिली?,हमें अपने बारे में कुछ बताएं?,"आपके पसंदीदा हिंदी शब्द या वाक्यांश कौन से हैं और क्यों हैं? क्या आप इस बात पर गर्व महसूस करते/करती हैं कि हिंदी आपकी मातृभाषा है, और क्यों?","आपके गाँव में घर बनाते समय किन बातों का ध्यान रखना चाहिए? (जलवायु, वन्य जीवन, आपका व्यवसाय, परिवार के सदस्यों की विशेष आवश्यकताएं, रसोई, शौचालय, वास्तु, पूजा स्थल से संबंधित विचार) क्या आप 'घरकुल योजना' के बारे में जानते हैं? गाँव में किस प्रकार के घर देखे जाते हैं? हाल के वर्षों में यह कैसे बदल गया है?"
आपने अपना बैंक खाता कैसे खोला? आपको किन दस्तावेज़ों की आवश्यकता थी? क्या यह आसान था या मुश्किल?,"आप आमतौर पर स्वास्थ्य केंद्र पर किस प्रकार की सेवाएँ चाहते हैं? उदाहरण के लिए, क्या आप नियमित जांच, टीकाकरण या किसी विशिष्ट उपचार के लिए वहां जाते हैं?",क्या आप कोई ऐसी पोशाक के बारे में कोई कहानी शेयर कर सकते/सकती हैं जिसे आपने बुना या सिला है और जो तैयार करना काफी मुश्किल था या उसे तैयार करने में आपको काफी संतुष्टि मिली? उस पोशाक को तैयार करने में सबसे मुश्किल हिस्सा क्या है?,क्या आप कोई ऐसी कहानी शेयर कर सकते/सकती हैं जहां आपने किसी ग्राहक की विशेष रूप से अच्छी सेवा दी हो? उस सेवा में सबसे मुश्किल हिस्सा क्या था?,क्या आप कोई ऐसी कहानी शेयर कर सकते/सकती हैं जहां किसी टीवी सीरियल के एपिसोड ने आपको बहुत प्रभावित किया हो या आपकी जिंदगी पर असर डाला हो?,"क्या आप अपने घर की सजावट के लिए खुद से कोई क्राफ्ट या हस्तशिल्प बनाते/बनाती हैं? अगर हां, तो कौन-कौन से और कैसे?",क्या आप मुझे हाल ही में हुई किसी घटना या न्यूज़ के बारे में बता सकते/सकती हैं जो आपको दिलचस्प लगी हो?,"आपने हिंदी कैसे सीखी, और इस भाषा का आपका अनुभव कैसा रहा है?",गांव में बिजली का उपयोग किन विभिन्न चीजों के लिए किया जा सकता है? खेती में कौन सी चीजें बिजली पर निर्भर हैं?
"आप किन बैंकिंग सेवाओं का उपयोग करते हैं? क्या आपके पास बचत खाता, चालू खाता है, या आप ऋण लेते हैं?","क्या आप स्वास्थ्य केंद्र के कर्मचारियों के साथ अपना अनुभव साझा कर सकते हैं? क्या वे आपकी आवश्यकताओं के प्रति सहायक, सम्मानजनक और चौकस हैं? क्या आप एक उदाहरण दे सकते हैं?","आप जिस कपड़े को बनाना चाहते/चाहती हैं, उसके डिजाइन और पैटर्न आप कैसे चुनते/चुनती हैं? यह तय करने में आपकी मदद कौन करता है (ऑनलाइन/ग्राहक/दोस्त)? आपके आइडिया और क्रिएटिविटी का स्रोत क्या है? क्या आपके कोई पसंदीदा ब्रांड या ऑनलाइन स्रोत हैं जिनसे आप प्रेरणा लेते/लेती हैं?","आप जिस प्रकार का ब्यूटी ट्रीटमेंट करना चाहती हैं, उसके तरीके और उत्पाद आप कैसे चुनते/चुनती हैं? यह तय करने में आपकी मदद कौन करता है (ऑनलाइन/ग्राहक/दोस्त)? आपके आइडिया और क्रिएटिविटी का स्रोत क्या है? क्या आपके कोई पसंदीदा ब्रांड या ऑनलाइन स्रोत हैं जिनसे आप प्रेरणा लेते/लेती हैं?",आप अपने टीवी देखने का समय कैसे निर्धारित करते/करती हैं? क्या आपके पास कोई विशेष समय होता है जब आप टीवी सीरियल देखना पसंद करते/करती हैं?,"क्या आप अपने घर की सजावट के लिए स्थानीय बाजार से चीजें खरीदते/खरीदती हैं? अगर हां, तो किन-किन प्रकार की चीजों की खरीदारी करते/करती हैं?",क्या आप हमें अपने परिवार और दोस्तों के बारे में बता सकते/सकती हैं?,क्या इस हिंदी के आपके कोई पसंदीदा लेखक या कवि हैं? आप उन्हें क्यों पसंद करते/करती हैं और क्या आप हमें उनकी रचनाओं के बारे में बता सकते/सकती हैं?,क्या आप बिजली के कुछ खतरों से अवगत हैं? क्या आप समझा सकते हैं कि वे क्या हैं और उनसे कैसे बचा जाए?
आप पैसे कैसे बचाते हैं? क्या आप इसे बैंक में रखते हैं या कहीं और?,क्या आपको स्वास्थ्य केंद्र पर सेवाओं तक पहुँचने में किसी कठिनाई या चुनौती का सामना करना पड़ा है? ये चुनौतियाँ क्या थीं और आपने उनका प्रबंधन कैसे किया?,आपको कौन सी तकनीकें या स्टिच सबसे मुश्किल या संतोषजनक लगती हैं? आपके लिए अब तक सबसे मुश्किल पोशाक कौन सी रही है? उसे तैयार करने में कितना समय लगा?,आपको कौन से ब्यूटी ट्रीटमेंट्स सबसे मुश्किल या संतोषजनक लगते हैं? आपके लिए अब तक का सबसे मुश्किल ब्यूटी ट्रीटमेंट कौन सा रहा है? उसे तैयार करने में कितना समय लगा?,आपको कौन से टीवी सीरियल के किरदार और उनकी कहानियां सबसे ज्यादा पसंद आती हैं? क्यों?,"आपके घर की सजावट के लिए कौन-कौन से तत्व सबसे महत्वपूर्ण हैं? जैसे रंग, फर्नीचर, सजावट के सामान आदि।",क्या आप मुझे अपनी नौकरी या पढ़ाई के बारे में कुछ बता सकते/सकतीहैं?,"हिंदी भाषा की कुछ अनूठी विशेषताएं क्या हैं जो आपको दिलचस्प लगती हैं? hints - अंग्रेजी में योगदानकर्ता, अंग्रेजी की तुलना में अधिक अक्षर, एकता की भाषा, विभिन्न प्रकार",आपके पास कितने घंटे बिजली है? बिजली कटौती के कारण विभिन्न मौसमों में आपका जीवन किस प्रकार प्रभावित होता है?
क्या आपने पैसे भेजने के लिए मोबाइल बैंकिंग या UPI का उपयोग किया है? आपके लिए वह अनुभव कैसा था?,आप स्वास्थ्य केंद्र में साफ़-सफ़ाई और सुविधाओं का मूल्यांकन कैसे करेंगे? क्या कोई विशिष्ट चीज़ है जिसमें आपको लगता है कि सुधार की आवश्यकता है?,हमें अपने क्षेत्र के कोई विशिष्ट बुनाई-सिलाई पैटर्न या कुछ अनूठी तकनीकों के बारे में बताएं। क्या आपने कोई पारंपरिक पोशाक बनाने की कोशिश की है?,हमें अपने क्षेत्र के किसी विशिष्ट ब्यूटी टिप्स या तकनीकों के बारे में बताएं। क्या आपने कोई पारंपरिक ब्यूटी ट्रीटमेंट आजमाया है?,"आप अपने दोस्तों और परिवार के साथ टीवी सीरियल्स पर चर्चा करते/करती हैं? अगर हां, तो किस प्रकार की चर्चाएं होती हैं?","आप अपने घर की सजावट के लिए आइडियाज और प्रेरणा कहां से प्राप्त करते/करती हैं? क्या आप इंटरनेट, मैगज़ीन या किसी अन्य स्रोत का उपयोग करते/करती हैं?",क्या आप हमें कुछ ऐसे प्रमुख टेक्नोलॉजिकल बदलावों के बारे में बता सकते/सकती हैं जो आपके जीवन-काल में हुए हैं? इन बदलावों ने आपके जीवन और आपके कार्यस्थल को कैसे प्रभावित किया है,"समय के साथ हिंदी भाषा कैसे विकसित हुई है, और आपने इसमें क्या बदलाव देखे हैं?","क्या आपकी आजीविका बिजली पर निर्भर है? यदि हां, तो बिजली कटौती के दौरान यह कैसे प्रभावित होता है? बिजली कटौती में रोशनी के अन्य विकल्प क्या हैं? क्या यहां लोगों के पास इनवर्टर हैं?"
क्या आपको लगता है कि आप बैंकिंग और वित्त के बारे में पर्याप्त जानते हैं? क्या आपने किसी कक्षा में भाग लिया है या जानकारी प्राप्त की है?,क्या आप स्वास्थ्य केंद्र से आवश्यक दवाएं और पूरक प्राप्त करने में सक्षम हैं? क्या कभी ऐसा हुआ है जब कुछ दवाएँ अनुपलब्ध थीं? आपने उन स्थितियों को कैसे संभाला?,आपके पास बुनाई और सिलाई के लिए जरूरी कौन सा सामान/उपकरण/धागे/ऊन/मशीनें है? इस काम में और बेहतर बनने के लिए आप और क्या खरीदना चाहते/चाहती हैं?,आपके पास ब्यूटी पार्लर के लिए जरूरी कौन सा सामान/उपकरण/प्रोडक्ट्स हैं? इस काम में और बेहतर बनने के लिए आप और क्या खरीदना चाहते/चाहती हैं?,आप टीवी सीरियल्स के नए एपिसोड और सीजन के बारे में जानकारी कैसे प्राप्त करते/करती हैं? क्या आप सोशल मीडिया या किसी अन्य स्रोत का उपयोग करते/करती हैं?,"क्या आप अपने घर की सजावट के लिए कोई विशेष थीम या स्टाइल पसंद करते/करती हैं? अगर हां, तो कौन सा और क्यों?","क्या आपकी कोई पसंदीदा किताब, फिल्म या टीवी शो है? आप को इसके बारे में क्या पसंद है?",क्या आपकी कोई पसंदीदा हिंदी कहावतें या मुहावरे हैं? और ये आपको क्यों पसंद हैं? or क्या यह आपके जीवन को किसी भी तरह से प्रभावित किया है?,"आपकी रसोई में बिजली के उपकरण कौन से हैं? अनुभव पुराने दिनों से कैसे भिन्न है जब ऐसे उपकरण उपलब्ध नहीं थे? (मिक्सर, ग्राइंडर, गैस सिलेंडर, ओवन)"
क्या आपको बैंक सेवाओं का उपयोग करते समय किसी समस्या का सामना करना पड़ा है? वे समस्याएँ क्या थीं और आपने उनसे कैसे निपटा?,"क्या आपको कभी स्वास्थ्य केंद्र में कोई स्वास्थ्य शिक्षा सत्र मिला है? यदि हां, तो किन विषयों को शामिल किया गया और आपने उन्हें कितना उपयोगी पाया?",क्या आपने कभी किसी को बुनना और सिलाई करना सिखाया है या आपने किसी और से बुनना या सिलाई करना सीखा है? क्या आप इस क्राफ्ट को सिखाने या सीखने के बारे में कोई यादगार पल या सुझाव शेयर कर सकते/सकती हैं?,क्या आपने कभी किसी को ब्यूटी ट्रीटमेंट्स सिखाया है या आपने किसी और से सीखा है? क्या आप इस क्राफ्ट को सिखाने या सीखने के बारे में कोई यादगार पल या सुझाव शेयर कर सकते/सकती हैं?,क्या आपके पास कोई विशेष शो या चैनल है जिसे आप धार्मिक या आध्यात्मिक कारणों से देखते/देखती हैं? यह शो या चैनल आपको क्या सिखाता है?,आपके घर की सजावट के लिए आपके पास कौन-कौन से क्राफ्ट और हस्तशिल्प के सामान हैं? क्या आपको इनमें से किसी विशेष सामान के साथ काम करने में सबसे ज्यादा मजा आता है?,"क्या आपका कोई व्यक्तिगत लक्ष्य या आकांक्षाएं हैं जिन्हें प्राप्त करने के लिए आप काम कर रहे/रही हैं, और उन लक्ष्यों को प्राप्त करने के लिए आपको क्या प्रेरित करता है?",आपको क्या लगता है कि अन्य भाषाओं की तुलना में हिंदी भाषा कैसी है?,आपके गाँव में पानी के विभिन्न स्रोत कौन-कौन से हैं? क्या ये सभी स्रोत वर्ष भर उपलब्ध हैं?
"ऋण या बीमा की तलाश करते समय, आप कैसे तय करते हैं कि किसे चुनना है? आपके अनुसार क्या महत्वपूर्ण है?",स्वास्थ्य केंद्र में प्रसवपूर्व देखभाल का आपका अनुभव कैसा था? क्या आपको लगा कि आपको पर्याप्त देखभाल और जानकारी मिली है? कृपया विस्तार से बताएं।,आप अपनी बुनाई को अन्य जिम्मेदारियों और रुचियों के साथ कैसे बैलेंस करते/करती हैं? क्या आपकी बुनाई और सिलाई के लिए समय निकालने या बुनाई के प्रोजेक्ट पर काम करने के लिए प्रेरित रहने की कोई तकनीक है?,आप अपने ब्यूटी पार्लर को अन्य जिम्मेदारियों और रुचियों के साथ कैसे बैलेंस करते/करती हैं? क्या आपकी पार्लर के लिए समय निकालने या ब्यूटी प्रोजेक्ट पर काम करने के लिए प्रेरित रहने की कोई तकनीक है?,"क्या आपने कभी किसी टीवी सीरियल के सेट या शूटिंग लोकेशन पर जाने की इच्छा जताई है? अगर हां, तो क्यों और कौन सा शो?","क्या आप अपने घर की सजावट के लिए किसी खास मौसम या त्यौहार के अनुसार परिवर्तन करते/करती हैं? अगर हां, तो कैसे?","क्या आपको पालतु जानवर पसंद हैं? यदि हाँ, तो क्यों पसंद हैं और आपके पास कौन-कौन से पालतू जानवर हैं या आप रखना चाहेंगे/चाहेंगी? यदि नहीं, तो आपको पालतू जानवर क्यों नहीं पसंद हैं?",क्या आपको कभी हिंदी से या हिंदी में कोई अनुवाद करना पड़ा है? यह करने का अनुभव कैसा रहा था?,क्या आपको नल का पानी मिलता है? अगर आपको नल का पानी मिल जाए तो कैसा है या आपका जीवन कैसे अलग होगा? क्या पानी साफ है?
क्या आप अपने गांव में किसी बचत समूह का हिस्सा हैं? इससे आपको पैसे बचाने में कैसे मदद मिली है?,"क्या आपने किसी प्रसवपूर्व कक्षा में भाग लिया? यदि हां, तो आपने इन कक्षाओं में क्या सीखा और इससे आपको गर्भावस्था के दौरान कैसे मदद मिली?",ऐसी कौन सी चीजें हैं जो आप सबसे ज्यादा बुनती या सिलती हैं? क्यों? आप किस प्रकार का कपड़ा बनाना पसंद करती हैं? क्या कोई अनूठी तकनीक है जिसे आप तेजी से और बेहतर काम करने के लिए प्रयोग में लाती हैं?,ऐसी कौन सी ब्यूटी सर्विसेज हैं जो आप सबसे ज्यादा देती हैं? क्यों? आप किस प्रकार का ब्यूटी ट्रीटमेंट करना पसंद करती हैं? क्या कोई अनूठी तकनीक है जिसे आप तेजी से और बेहतर काम करने के लिए प्रयोग में लाती हैं?,आप अपने पसंदीदा टीवी सीरियल्स के लिए अपने दिनचर्या में कैसे समय निकालते/निकालती हैं? क्या आपको इसके लिए कुछ विशेष योजनाएं बनानी पड़ती हैं?,"क्या आपने कभी अपने दोस्तों या परिवार के सदस्यों के लिए कोई सजावटी वस्तु बनाई है? अगर हां, तो क्या और कैसे?",क्या आपके कोई भाई-बहन हैं और आप किन मामलों में हैं उनकी तरह हैं और किन मामलों में अलग हैं?,हिंदी भाषा ने आपकी संस्कृति और पहचान को कैसे प्रभावित किया है?,आप कुएं से पानी कैसे निकालते हैं? क्या आपके पास कोई विचार है कि कोई इसके लिए इलेक्ट्रिक मोटर का उपयोग कैसे कर सकता है?
"पैसे बचाने के लिए आपके लक्ष्य क्या हैं? क्या आप किसी विशेष चीज़ के लिए बचत कर रहे हैं, जैसे शिक्षा या घर?",गर्भावस्था के दौरान आपने कितनी बार जांच करायी? क्या ये जाँचें पूरी तरह से की गईं और क्या आपको आवश्यक मार्गदर्शन और सहायता प्राप्त हुई?,क्या आपका कभी कोई काम खराब हुआ है या बुनाई और सिलाई करते समय किसी समस्या का सामना करना पड़ा है? आपने इसे कैसे दूर किया और आपने इस अनुभव से क्या सीखा?,क्या आपका कभी कोई काम खराब हुआ है या ब्यूटी ट्रीटमेंट करते समय किसी समस्या का सामना करना पड़ा है? आपने इसे कैसे दूर किया और आपने इस अनुभव से क्या सीखा?,"क्या आपके पास कोई पसंदीदा टीवी सीरियल है जिसे आप बार-बार देखते/देखती हैं? अगर हां, तो कौन सा और क्यों?","आप अपने घर की सजावट में प्राकृतिक तत्वों का उपयोग कैसे करते/करती हैं? जैसे कि पौधे, फूल, आदि।",क्या आपमें कोई विशेष प्रतिभा या कौशल है? वो क्या हैं और आपने उन्हें कैसे विकसित किया?,क्या आपको लगता है कि हिंदी भाषा को मीडिया और शिक्षा प्रणाली में पर्याप्त रूप से प्रयोग में लाया गया है?,पूरे दिन के लिए आपको किन अलग-अलग चीजों के लिए पानी की आवश्यकता होती है?
आप बैंकिंग के लिए मोबाइल फोन का उपयोग करने में कितने सहज हैं? क्या आपको यह मददगार लगता है?,क्या आपको गर्भावस्था के दौरान पोषण और आहार के बारे में जानकारी मिली? आपको किस तरह की सलाह दी गई और आपने इसे कैसे लागू किया?,"क्या आपकी कोई पसंदीदा बुनाई और सिलाई की किताब, यूट्यूब चैनल, सोशल मीडिया अकाउंट आदि है? आपने उनसे क्या सीखा? आप समुदाय में अपने कौशल का विज्ञापन कैसे करते/करती हैं?","क्या आपकी कोई पसंदीदा ब्यूटी बुक, यूट्यूब चैनल, सोशल मीडिया अकाउंट आदि है? आपने उनसे क्या सीखा? आप समुदाय में अपने कौशल का विज्ञापन कैसे करते/करती हैं?","क्या टीवी सीरियल देखने के बाद आपने कभी किसी विशेष संदेश या नैतिकता को अपने जीवन में लागू किया है? अगर हां, तो कैसे?",क्या आपने कभी किसी हस्तशिल्प मेले या कार्यशाला में हिस्सा लिया है? इस अनुभव के बारे में बताएं और आपने वहां से क्या सीखा?,"कार्यस्थल पर आप संघर्षपूर्ण स्थितियों या मुश्किल परिस्थितियों से कैसे निपटते/निपटती हैं? (hint - समय सीमा को पूरा करना, सहकर्मियों के साथ तालमेल, पहचान)","आपके अनुसार हिंदी भाषा के सामने आधुनिक दुनिया में क्या चुनौतियाँ हैं? hint - अद्वितीय उच्चारण, शब्दावली के विभिन्न स्रोत, विभिन्न स्क्रिप्ट",पानी को छानने और शुद्ध करने के लिए आप कौन-कौन से तरीके अपनाते हैं? कोई घरेलू उपाय?
आप अपने क्षेत्र में बैंकिंग सेवाओं में क्या बदलाव देखना चाहेंगे? क्या ऐसी चीज़ें हैं जो आपको लगता है कि गायब हैं?,स्वास्थ्य केंद्र में प्रसव के दौरान आपको किस प्रकार की सहायता मिली? क्या कर्मचारी सहयोगी और जानकार थे? क्या आप अपना डिलीवरी अनुभव साझा कर सकते हैं?,"हाथ से बने कपड़े बाज़ार में बने रेडीमेड कपड़ों से किस प्रकार अलग होते हैं? भले ही रेडीमेड कपड़ों का बहुत बड़ा बाजार है, फिर भी लोग बुने और सिले हुए कपड़े क्यों खरीदना पसंद करते हैं?","ब्यूटी पार्लर में हाथ से किए गए ट्रीटमेंट्स बाजार में बने रेडीमेड प्रोडक्ट्स से किस प्रकार अलग होते हैं? भले ही रेडीमेड प्रोडक्ट्स का बहुत बड़ा बाजार है, फिर भी लोग हाथ से किए गए ट्रीटमेंट्स क्यों पसंद करते हैं?","क्या आपको लगता है कि टीवी सीरियल्स आपके मूड और भावनाओं को प्रभावित करते हैं? अगर हां, तो किस प्रकार?",आप अपने घर की सजावट को अन्य जिम्मेदारियों और रुचियों के साथ कैसे संतुलित करते/करती हैं?,मनुष्य हमेशा अपनी जड़ों से जुड़ना चाहते हैं। आपको अपनी जड़ों और उन पलों के बारे में क्या याद है जिन्हें आप आज भी संजोए रखे हैं?,"आपके अनुसार भविष्य में हिंदी भाषा का प्रचार और संरक्षण कैसे किया जा सकता है?(स्कूल, मीडिया और काम में अनिवार्य उपयोग)",क्या आपके गाँव में कभी पानी की भारी कमी या सूखा पड़ा है? इसने गाँव के जीवन को कैसे प्रभावित किया?
क्या आप अपने मासिक खर्च का हिसाब रखते हैं? आप कैसे तय करते हैं कि क्या खर्च करना है और क्या बचाना है?,प्रसव के बाद स्तनपान कराने में स्वास्थ्य केंद्र के कर्मचारियों ने आपकी कैसे मदद की? क्या आपको कोई सुझाव या समर्थन प्राप्त हुआ जिससे आपके लिए प्रक्रिया आसान हो गई?,आपको क्या लगता है कि बुनाई और सिलाई का आपके जीवन पर क्या प्रभाव पड़ा है? क्या आपने इससे पर्याप्त धन कमाया है? क्या आपने लगातार धागों के साथ काम करने के कारण किसी शारीरिक दर्द का अनुभव किया है?,आपको क्या लगता है कि ब्यूटी पार्लर का आपके जीवन पर क्या प्रभाव पड़ा है? क्या आपने इससे पर्याप्त धन कमाया है? क्या आपने लगातार केमिकल्स और प्रोडक्ट्स के साथ काम करने के कारण किसी शारीरिक दर्द का अनुभव किया है?,"क्या आपने कभी किसी टीवी सीरियल के किरदार या कहानी से प्रेरणा लेकर कुछ नया करने की कोशिश की है? अगर हां, तो क्या?",आपके घर की सजावट के लिए आपकी सबसे पसंदीदा वस्तु कौन सी है और क्यों? क्या इसके पीछे कोई खास कहानी है?,"यदि आप दुनिया में कहीं भी यात्रा कर सकते/सकतीं, तो आप कहाँ जाते/जातीं और क्यों?",क्या आपने कभी हिंदी की कोई क्षेत्रीय बोलियाँ सीखी हैं या उनका उपयोग किया है? क्या आप हमें हिंदी की और बोलियों के बारे में बता सकते/सकती हैं?,शादी जैसे बड़े समारोह में पानी की बड़ी मात्रा की व्यवस्था करने के लिए आप क्या करते हैं?
क्या आपने कभी अपने पैसे के प्रबंधन के लिए मदद मांगी है? आपको कौन से संसाधन या लोग मददगार लगे?,आपके बच्चे को पहले दो वर्षों में कौन से टीके लगे? क्या आपको टीकाकरण कार्यक्रम के बारे में सूचित किया गया था और क्या इसका ठीक से पालन किया गया था?,"क्या आपके पास बुनाई से संबंधित कोई लक्ष्य या आकांक्षाएं हैं जिनके लिए आप काम कर रहे/रही हैं? (Hints - फॅशन डिझायनर बनना, खुद का फॅशन हब खोलना ).","क्या आपके पास ब्यूटी पार्लर से संबंधित कोई लक्ष्य या आकांक्षाएं हैं जिनके लिए आप काम कर रहे/रही हैं? (Hints - फॅशन डिझायनर बनना, खुद का फॅशन हब खोलना).","क्या आप अपने पसंदीदा टीवी सीरियल्स के कलाकारों और उनके निजी जीवन के बारे में जानने में रुचि रखते/रखती हैं? अगर हां, तो कैसे जानकारी प्राप्त करते/करती हैं?","क्या आपके पास कोई ऐसा खास क्षेत्र या कोना है जिसे आपने खास तरीके से सजाया है? अगर हां, तो इसे सजाने के पीछे की कहानी क्या है?",मुझे उस समय के बारे में बताएं जब आपने कार्यस्थल पर किसी चुनौतीपूर्ण प्रोजेक्ट पर काम किया हो या चुनौतीपूर्ण कार्य किया हो। आपने उस परिस्थिति को कैसे संभाला?,आपके अनुसार क्या हिंदी भाषा ने इस क्षेत्र में अन्य भाषाओं के विकास को प्रभावित किया है?,क्या आप मुझे बता सकते हैं कि नलकूप कैसे काम करता है? क्या आपके गाँव में एक बड़ा कुआँ है जिसका उपयोग सभी लोग पानी के लिए करते हैं?
आपके गाँव के लोग पैसे बचाने और बैंकों का उपयोग करने के बारे में कैसा महसूस करते हैं? क्या ऐसे विश्वास हैं जो उनके पैसे संभालने के तरीके को प्रभावित करते हैं?,"क्या आपके गाँव में पर्याप्त स्वच्छता सुविधाएँ हैं? ये सुविधाएं आपके दैनिक जीवन को कैसे प्रभावित करती हैं, और आपके अनुसार किन सुधारों की आवश्यकता है?",आप आमतौर पर अपनी बुनाई और सिलाई के काम के लिए रंग कैसे चुनते/चुनती हैं? क्या आप सही रंग पैलेट चुनने के लिए कोई सुझाव देंगे/देंगी? आपके कुछ पसंदीदा रंग कौन से हैं?,आप आमतौर पर ब्यूटी प्रोडक्ट्स के लिए ब्रांड्स कैसे चुनते/चुनती हैं? क्या आप सही प्रोडक्ट्स चुनने के लिए कोई सुझाव देंगे/देंगी? आपके कुछ पसंदीदा ब्रांड्स कौन से हैं?,"क्या आप टीवी सीरियल्स के माध्यम से किसी विशेष भाषा या संस्कृति के बारे में कुछ नया सीखते/सीखती हैं? अगर हां, तो क्या?",क्या आप अपने घर की सजावट के लिए किसी विशेष प्रकार के रंगों का उपयोग करते/करती हैं? आपको कौन से रंग सबसे ज्यादा पसंद हैं और क्यों?,मुझे उस समय के बारे में बताएं जब आपको कोई डेडलाइन को पूरा करने या किसी लक्ष्य को प्राप्त करने के लिए बहुत मेहनत करनी पड़ी हो? आपने किस प्रकार सभी तरह के कार्यों को संभाला और समय पर काम पूरा किया?,आपके अनुसार हिंदी भाषा आपके राज्य की सांस्कृतिक पहचान में क्या भूमिका निभाती है?,क्या आप बता सकते हैं कि हैंडपंप कैसे काम करता है? क्या आपने हैंडपंप पर लंबी कतार देखी है? क्या गर्मी में सूख जाता है?
क्या आपने बैंकों और स्थानीय सामुदायिक समूहों के बीच साझेदारी के बारे में सुना है? आपको क्या लगता है कि वे आपके गांव की महिलाओं की कैसे मदद कर सकते हैं?,"आपके घर से निकटतम स्वास्थ्य केंद्र कितनी दूर है? आप आमतौर पर वहां कैसे यात्रा करते हैं, और स्वास्थ्य केंद्र तक पहुंचने में आपको किन चुनौतियों का सामना करना पड़ता है?","हमें अपना बनाया हुआ सामान इस्तेमाल करने वालों के बारे में बताएं। क्या आप कोई छोटा बिज़नेस चलाते/चलाती हैं या किसी फैशन ब्रांड/कारखाने के लिए काम करते/करती हैं? एक कपड़े (शर्ट, ब्लाउज, सलवार सूट, चूड़ीदार, टॉप, पैंट आदि) की कीमत आप किस प्रकार तय करते/करती हैं?",हमें अपने ग्राहकों के बारे में बताएं। क्या आप कोई छोटा बिज़नेस चलाते/चलाती हैं या किसी बड़े पार्लर के लिए काम करते/करती हैं? एक ब्यूटी ट्रीटमेंट की कीमत आप किस प्रकार तय करते/करती हैं?,आप टीवी सीरियल्स और यूट्यूब वीडियो देखने में किस प्रकार का अंतर महसूस करते/करती हैं? आपको कौन सा माध्यम ज्यादा पसंद है और क्यों?,"आप अपने घर की सजावट के लिए किन-किन सामग्रियों का उपयोग करते/करती हैं? जैसे कि लकड़ी, मिट्टी, धातु, कपड़ा आदि।",मुझे उस समय के बारे में बताएं जब आपको एक महत्वपूर्ण निर्णय लेना पड़ा था। आपने यह कठिन निर्णय लेने में किन बातों पर विचार किया? आपने किसकी सलाह ली?,क्या आपको कभी हिंदी में बोलते या लिखते समय किसी कठिनाई का सामना करना पड़ा है?,"क्या आप एक ट्रेन का वर्णन कर सकते हैं? (सीटें, बर्थ, इंजन, शोर, पहिए, पटरियां) आपने रेलगाड़ी से कहाँ की यात्रा की है?"
"क्या आप अपने समुदाय में किसी ऐसी महिला को जानते हैं जो दूसरों को बैंकिंग सेवाओं के बारे में सीखने में मदद करती हो? आपके अनुसार अधिक महिलाओं को बैंक खाते खुलवाने में वे कितने प्रभावी हैं? उदाहरण के लिए आजीविका, सखी ऐप, या अन्य सरकारी पहल",स्वास्थ्य केंद्र तक पहुँचने के लिए परिवहन के कौन से विकल्प उपलब्ध हैं? क्या वे विश्वसनीय और किफायती हैं? क्या आप अपने सामने आई कोई कठिनाई साझा कर सकते हैं?,बॉलीवुड/टॉलीवुड ने भारत में हर जगह फैशन ट्रेंड को प्रभावित किया है? ऐसी कौन सी फिल्में/कैरेक्टर हैं जिन्हें आप उनके कपड़ों की शैली के लिए पसंद करते/ करती हैं? क्या आपने किसी फिल्म को देख कर वैसी ही पोशाक बनाने की कोशिश की है?,बॉलीवुड/टॉलीवुड ने भारत में हर जगह ब्यूटी ट्रेंड को प्रभावित किया है? ऐसी कौन सी फिल्में/कैरेक्टर हैं जिन्हें आप उनके ब्यूटी स्टाइल के लिए पसंद करते/करती हैं? क्या आपने किसी फिल्म को देख कर वैसा ही ट्रीटमेंट करने की कोशिश की है?,"क्या आप अपने टीवी देखने के अनुभव को और बेहतर बनाने के लिए किसी विशेष तकनीक या उपकरण का उपयोग करते/करती हैं? अगर हां, तो कौन से?","क्या आपके पास कोई ऐसी सजावटी वस्तु है जो आपको किसी खास व्यक्ति से मिली हो या जिसका आपके लिए भावनात्मक महत्व हो? अगर हां, तो इसके बारे में बताएं।",मुझे उस समय के बारे में बताएं जब आपको किसी ऐसे व्यक्ति के साथ काम करना पड़ा था जिसके साथ काम करना मुश्किल था। आप अपनी इस स्थिति से कैसे निपटे?,"आपके अनुसार हिंदी भाषा, भारत की आधिकारिक भाषा, अंग्रेजी की तुलना में कैसी है?","क्या आप एक यात्री बस का वर्णन कर सकते हैं (चालक की सीट, ऊपर भंडारण वाहक, खिड़कियां, सीटें, डीजल पर चलती हैं) आपने बस से कहाँ यात्रा की है?"
क्या आपने या आपके किसी परिचित ने बैंकिंग सेवाओं के लिए अपने पति के नाम का उपयोग किया है? आपको क्या लगता है कि महिलाएं इसे क्यों पसंद करती हैं? उदाहरण वित्त प्रबंधन और पैसा कमाने में महिलाओं की भूमिका की व्याख्या करता है,क्या आपके गाँव में स्वच्छ पेयजल उपलब्ध है? स्वच्छ जल की उपलब्धता आपके परिवार के स्वास्थ्य को कैसे प्रभावित करती है?,क्या आपको ग्राहकों से कोई अच्छी फीडबैक मिली हैं? क्या आपने किसी को हाथ से बना कपड़ा गिफ्ट किया है? लोग आपकी स्किल के बारे में क्या सोचते हैं?,क्या आपको ग्राहकों से कोई अच्छी फीडबैक मिली हैं? क्या आपने किसी को ब्यूटी ट्रीटमेंट गिफ्ट किया है? लोग आपकी स्किल के बारे में क्या सोचते हैं?,"क्या आपके पास कोई ऐसा टीवी सीरियल है जिसे आप अपने परिवार के साथ मिलकर देखना पसंद करते/करती हैं? अगर हां, तो कौन सा और क्यों?","क्या आपको अपने घर की सजावट के लिए किसी विशेष तकनीक या प्रक्रिया का पालन करना पड़ता है? अगर हां, तो क्या?",मुझे उस समय के बारे में बताएं जब आपने काम में कई गलती कर दी थी। आपने उस स्थिति को कैसे संभाला?,हिंदी भाषा संस्कृत या अंग्रेजी जैसी अन्य भाषाओं से कैसे प्रभावित हुई है?,आपने ट्रैक्टरों के विभिन्न प्रकार/ब्रांड क्या देखे हैं और वे किस प्रकार उपयोगी हैं? यह पारंपरिक तरीकों से कैसे अलग है?
"क्या आपको लगता है कि आपके पास बैंक शुल्क और ऋण प्रस्तावों के बारे में पर्याप्त जानकारी है? निर्णय लेने से पहले आप क्या जानकारी चाहते हैं कि आपके पास हो? उदाहरण के लिए, क्या आपके लिए बैंक में खाता खोलना या ऋण प्राप्त करना कठिन है, ग्रामीण बैंकों के साथ आपके क्या अनुभव हैं?",क्या आपके गाँव में माताओं के लिए कोई सामुदायिक कार्यक्रम या सहायता समूह हैं? इन कार्यक्रमों ने आपकी किस प्रकार मदद की है और आप क्या अतिरिक्त सहायता देखना चाहेंगे?,क्या कोई बुनाई और सिलाई तकनीक या स्टाइल है जिसे आप भविष्य में सीखना या एक्सप्लोर करना चाहेंगे/चाहेंगी?,क्या कोई ब्यूटी तकनीक या स्टाइल है जिसे आप भविष्य में सीखना या एक्सप्लोर करना चाहेंगे/चाहेंगी?,"क्या आपको लगता है कि टीवी सीरियल्स ने आपके जीवन पर कोई सकारात्मक या नकारात्मक प्रभाव डाला है? अगर हां, तो कैसे?","क्या आपने कभी अपने घर की सजावट के लिए किसी खास आइडिया को इंटरनेट या किसी अन्य स्रोत से लिया है और उसे अपने तरीके से अपनाया है? अगर हां, तो कैसे?",क्या आप पिछले 1 साल में हुई कोई यादगार घटना या अनुभव के बारे में बता सकते/सकती हैं?,क्या आपको लगता है कि बच्चों को हिंदी भाषा सिखाना जरूरी है? क्यों सिखाया जाना चाहिए या क्यों नहीं?,"क्या अब आपके पास एलपीजी कनेक्शन है? यदि हाँ, तो लकड़ी का उपयोग करने का अनुभव पहले के अनुभव से किस प्रकार भिन्न है? यदि नहीं, तो आपको किन कठिनाइयों का सामना करना पड़ रहा है?"
क्या आप इससे पहले भुगतान करने के लिए UPI के बारे में जानते थे? आप अपने व्यवसाय के लिए UPI का उपयोग करने के बारे में क्या सोचते हैं? उदाहरण के लिए क्या आपको UPI का उपयोग करने से डर लगता है या यह आपके लिए आसान है।,आप अपने गाँव में उपलब्ध समग्र स्वास्थ्य सेवाओं के बारे में कैसा महसूस करते हैं? आपके अनुसार इन सेवाओं की ताकत और कमजोरियां क्या हैं?,,आप अपने ब्यूटी पार्लर में विभिन्न प्रकार के त्वचा और बालों की देखभाल के लिए कौन से उत्पाद और ब्रांड्स का उपयोग करते/करती हैं? क्या आपको किसी विशेष उत्पाद के साथ बहुत अच्छे परिणाम मिले हैं?,"क्या आपने कभी किसी टीवी सीरियल की कहानी में बदलाव की इच्छा जताई है या सोचा है कि कहानी को किस प्रकार बेहतर बनाया जा सकता है? अगर हां, तो कैसे?","क्या आप अपने घर की सजावट के लिए किसी विशेष बजट का पालन करते/करती हैं? अगर हां, तो इस बजट को कैसे मैनेज करते/करती हैं?",आपके जीवन में कुछ सबसे बड़ी चुनौतियाँ क्या आई हैं और आपने उन्हें कैसे पार किया है?,आपके अनुसार हिंदी भाषा भारत के विभिन्न हिस्सों के बीच सांस्कृतिक आदान-प्रदान और संचार में क्या भूमिका निभाती है?,क्या आप हमें घर में खाना पकाने के लिए एलपीजी सिलेंडर का उपयोग करते समय बरती जाने वाली सुरक्षा सावधानियों के बारे में बता सकते हैं?
क्या समुदाय के किसी सदस्य ने UPI जैसी डिजिटल भुगतान विधियों का उपयोग करने के बारे में आपसे संपर्क किया है? उन्होंने आपसे कैसे संपर्क किया? उदाहरण के लिए आपने यूपीआई का उपयोग कहां से सीखा या आपने अपने गांव में यूपीआई का उपयोग कहां देखा,आप अपने गांव में स्वास्थ्य सुविधाओं में क्या सुधार देखना चाहेंगे? क्या आप कोई विशिष्ट परिवर्तन सुझा सकते हैं जिससे महत्वपूर्ण अंतर आएगा?,,"क्या आपने कभी अपने ग्राहकों के लिए विशेष अवसरों जैसे कि शादियों, त्यौहारों, या अन्य महत्वपूर्ण कार्यक्रमों के लिए विशेष मेकअप और हेयरस्टाइल तैयार किए हैं? इन मौकों के लिए तैयारी कैसे करते/करती हैं?","क्या आप टीवी सीरियल्स के अलावा किसी विशेष प्रकार के यूट्यूब चैनल या वीडियो देखते/देखती हैं? अगर हां, तो कौन से और क्यों?","क्या आपको घर की सजावट के लिए किसी खास प्रकार के सामान या क्राफ्ट्स को ढूंढने में कोई चुनौती का सामना करना पड़ा है? अगर हां, तो इसे कैसे सुलझाया?","आपने जीवन में सबसे महत्वपूर्ण सबक क्या सीखा हैं, और यह आपको कैसे प्रभावित किया है?","हिंदी भाषा का इतिहास क्या है? (संस्कृत से प्रभावित) यह समय के साथ कैसे विकसित हुई और इसमें क्या बदलाव आए हैं? (स्कूल, मीडिया और काम में अनिवार्य उपयोग, मौखिक और लिखित रूप)","क्या आपके घर में शौचालय है? यदि हां, तो क्या फायदे हैं? यदि नहीं, तो इसके बिना आपको किन कठिनाइयों का सामना करना पड़ रहा है?"
आप अपने व्यवसाय के लिए UPI का उपयोग करने में क्या लाभ देखते हैं? आपको क्या लगता है कि यह आपकी बिक्री में कैसे मदद कर सकता है?,आपके बच्चे के विकास के लिए पहले 1000 दिनों के महत्व के बारे में आपको क्या सलाह दी गई? इस अवधि के दौरान इस सलाह ने आपके कार्यों और निर्णयों को कैसे प्रभावित किया?,,आप अपने ब्यूटी पार्लर के माहौल को आरामदायक और आकर्षक बनाने के लिए कौन-कौन से कदम उठाते/उठाती हैं? क्या आपने अपने पार्लर की सजावट के लिए कोई विशेष थीम या रंग योजना चुनी है?,"क्या आपको टीवी सीरियल्स में दिखाए जाने वाले फैशन और स्टाइल से प्रेरणा मिलती है? अगर हां, तो कैसे?",क्या आप अपने घर की सजावट के बारे में कोई खास टिप्स या सुझाव साझा करना चाहेंगे/चाहेंगी जिन्हें आप दूसरों के साथ बांटना चाहेंगे/चाहेंगी?,"आपकी सबसे बड़ी उपलब्धियाँ (अचीवमेंट) क्या हैं, और आपको किस पर सबसे अधिक गर्व महसूस होता है?",हिंदी भाषा क्षेत्र की अन्य कम प्रचलित बोलियों से किस तरह से संबंधित है?,क्या आपके गाँव में खुले में शौच जाना सामान्य था? इसके क्या नुकसान हैं?
क्या आपको कभी बैंकिंग ऐप का उपयोग करने के बाद भुगतान प्राप्त करने में देरी का सामना करना पड़ा है? इसका आपके व्यवसाय पर क्या प्रभाव पड़ा? या क्या आपने किसी को UPI का उपयोग करने में कठिनाई महसूस करते देखा है,आपने यह कैसे सुनिश्चित किया कि गर्भावस्था और स्तनपान के दौरान आपको और आपके बच्चे को उचित पोषण मिले? क्या आप कुछ ऐसे खाद्य पदार्थ और अभ्यास साझा कर सकते हैं जो फायदेमंद थे?,,क्या आप अपने ब्यूटी पार्लर में ग्राहकों के लिए कोई विशेष पैकेज या डिस्काउंट ऑफर करते/करती हैं? इन ऑफर्स को ग्राहकों तक पहुंचाने के लिए आप कौन-कौन सी मार्केटिंग तकनीकें अपनाते/अपनाती हैं?,आप टीवी सीरियल्स के बारे में अपनी राय और समीक्षाएं किस प्रकार साझा करते/करती हैं? क्या आप सोशल मीडिया का उपयोग करते/करती हैं?,"क्या आपके घर की सजावट में कोई पारंपरिक तत्व शामिल हैं? अगर हां, तो यह आपके परिवार की परंपराओं और संस्कारों से कैसे जुड़ा है?",घूमने के लिए आपकी कुछ पसंदीदा जगहें कौन सी हैं और आप उन्हें क्यों पसंद करते/करती हैं?,"साहित्य, कविता और कलात्मक अभिव्यक्ति के अन्य रूपों में हिंदी भाषा का इस्तेमाल कैसे किया गया है? (Hints - डान्स क्लास जॉईन करना, नये डान्स मूव्ह सिखना, etc.).",अपने घर के आस-पास के क्षेत्रों को स्वच्छ रखने के लिए आप क्या उपाय करते हैं?
आप यहां बैंकिंग सेवाओं में क्या बदलाव देखना चाहेंगे? क्या नहीं हैं?,"गर्भावस्था के दौरान आपको परिवार और समुदाय से किस प्रकार का समर्थन मिला? इस सहायता ने आपकी किस प्रकार सहायता की, और आपके अनुसार कौन-सी अतिरिक्त सहायता सहायक रही होगी?",,आप अपने ब्यूटी पार्लर के काम के दौरान स्वच्छता और स्वास्थ्य सुरक्षा के कौन-कौन से उपाय अपनाते/अपनाती हैं? क्या आपके पास इसके लिए कोई विशेष गाइडलाइंस या प्रक्रियाएं हैं?,"क्या आपने कभी किसी टीवी सीरियल के एपिसोड को मिस कर दिया है और बाद में उसे देखने के लिए किसी विशेष उपाय का सहारा लिया है? अगर हां, तो क्या?","क्या आप अपने घर की सजावट के लिए किसी विशेष क्षेत्रीय या सांस्कृतिक शिल्प का उपयोग करते/करती हैं? अगर हां, तो कौन सा और क्यों?","आपके बचपन की सबसे प्यारी यादें क्या हैं, और वे आपके लिए खास क्योंं हैं?","हिंदी भाषा की कुछ आम वाक्यांश और मुहावरे कौन से हैं जिनका उपयोग रोज़मर्रा की बातचीत में किया जाता है? (Hints - नाच ना आये आंगन तेढा, आस्तीन का सांप etc.).",आप यह सुनिश्चित करने के लिए क्या उपाय कर रहे हैं कि नवजात शिशु स्वच्छ वातावरण में रहें और अस्वास्थ्यकर स्थितियों के कारण बीमार न हों?
क्या आप जानते हैं कि ऐसी कंपनियाँ हैं जो व्यवसायों को डिजिटल भुगतान स्वीकार करने में मदद करती हैं? आप और अधिक कैसे सीखना चाहेंगे?,क्या आपको अपने बच्चे के विकास के लिए प्रारंभिक बचपन की उत्तेजना और खेल के महत्व के बारे में सूचित किया गया था? आपने अपने बच्चे के विकास को प्रोत्साहित करने के लिए किन गतिविधियों में भाग लिया?,,आपने अपने ब्यूटी पार्लर में आने वाले ग्राहकों की त्वचा और बालों की समस्याओं को कैसे सुलझाया है? क्या आपने किसी ग्राहक की समस्या को हल करने के लिए कोई विशेष तकनीक या उपचार इस्तेमाल किया है?,"क्या आप अपने टीवी देखने के अनुभव को और ज्यादा रोचक बनाने के लिए किसी विशेष गतिविधि में भाग लेते/लेती हैं, जैसे कि टीवी शो पर आधारित गेम या प्रतियोगिता?",आपके घर की सजावट के लिए कौन-कौन से हस्तशिल्प या क्राफ्ट प्रोजेक्ट्स आपके लिए सबसे संतोषजनक रहे हैं? क्यों?,आप अपनी नौकरी/करियर के संबंध में भविष्य में क्या देख रहे/रही हैं?,हिंदी बोलने वाले लोग अपनी सांस्कृतिक परंपराओं का जश्न मनाने और उनका सम्मान करने के लिए अपनी भाषा का कैसे उपयोग करते हैं?,आपके गांव में जल निकासी व्यवस्था कितनी अच्छी है? इसमें सुधार के लिए क्या किया जा सकता है?
आप ऑनलाइन बैंकिंग का उपयोग करने के बारे में कैसा महसूस करते हैं? क्या यह बैंक जाने से आसान या कठिन है?,आपने गर्भावस्था की सामान्य असुविधाओं और स्वास्थ्य समस्याओं का प्रबंधन कैसे किया? क्या आपको स्वास्थ्य केंद्र या समुदाय के सदस्यों से कोई सलाह या उपाय प्राप्त हुआ?,,क्या आपने कभी किसी ब्यूटी कॉम्पटीशन या कार्यशाला में हिस्सा लिया है? इस अनुभव के बारे में बताएं और आपने वहां से क्या सीखा?,,,काम के अलावा आपके क्या शौक और रुचियाँ हैं?,हिंदी भाषा आपके राज्य की शिक्षा प्रणाली में क्या भूमिका निभाती है?,सर्दी-जुकाम ठीक करने के लिए आपके गाँव में प्रचलित कुछ घरेलू नुस्खे क्या हैं?
"क्या आपने डिजिटल इंडिया जैसे डिजिटल बैंकिंग में मदद करने वाले सरकारी कार्यक्रमों के बारे में सुना है? उन्होंने आपके दैनिक बैंकिंग अनुभवों को कैसे प्रभावित किया है? उदाहरण: ""मैंने एक सरकारी अभियान के माध्यम से आसानी से बैंक खाता खोलने के बारे में सीखा।""",आपकी गर्भावस्था और शिशु देखभाल में पारंपरिक प्रथाओं और मान्यताओं ने क्या भूमिका निभाई? क्या आप अपनाई गई कोई विशिष्ट प्रथाएं और उनका प्रभाव साझा कर सकते हैं?,,ब्यूटी इंडस्ट्री में नए ट्रेंड्स और तकनीकों के बारे में जानने के लिए आप कौन-कौन से स्रोतों का उपयोग करते/करती हैं? क्या आप किसी प्रोफेशनल ट्रेनिंग या कोर्स में हिस्सा लिया है?,,,"आप पैसा कमाने के लिए क्या काम करते/करती हैं, और आपने यह करियर चुनने का निर्णय कैसे लिया?","समय के साथ, विशेष रूप से अन्य भाषाओं और संस्कृतियों के प्रभाव से हिंदी भाषा के इस्तेमाल में क्या परिवर्तन आया है?",सिरदर्द ठीक करने के लिए आपके गाँव में प्रचलित कुछ घरेलू उपचार क्या हैं?
"क्या आप मोबाइल बैंकिंग ऐप्स का उपयोग करते हैं? उन्होंने आपके धन प्रबंधन को कैसे बदल दिया है? उदाहरण: ""ऐप का उपयोग करने से मेरा समय बचता है, इसलिए मुझे बैंक तक जाने की ज़रूरत नहीं है।""",आप अपनी गर्भावस्था और प्रारंभिक शिशु देखभाल के दौरान कौन से संसाधन या जानकारी चाहती हैं? आपको क्या लगता है कि इन संसाधनों ने आपकी कैसे मदद की होगी?,,आप अपने ब्यूटी पार्लर में ग्राहकों के साथ संबंध कैसे बनाए रखते/रखती हैं? क्या आपके पास ग्राहकों के फीडबैक लेने और उन्हें सुधारने के लिए कोई प्रक्रिया है?,,,आपके अनुसार आपकी सबसे बड़ी ताकत क्या है और कमजोरी क्या हैं?,"आज की दुनिया में हिंदी भाषा बोलने वाले लोगों को किन चुनौतियों का सामना करना पड़ता है? (Hints - अंग्रेजी भाषा का बढता प्रभाव, हिंदी साहित्य मैं होती हुई कमी ).",गले की खराश को ठीक करने के लिए आपके गाँव में प्रचलित कुछ घरेलू उपचार क्या हैं?
"क्या आपके लिए बैंकिंग ऐप्स को अपनी स्थानीय भाषा में समझना आसान है? क्या आप कोई विशिष्ट विशेषताएँ साझा कर सकते हैं जो आपकी सहायता करें? उदाहरण: ""ऐप मेरी भाषा में है, इसलिए मैं आसानी से पैसे ट्रांसफर करने का तरीका जान सकता हूं।""","क्या आपने अपने स्वास्थ्य केंद्र में कभी मानसिक स्वास्थ्य सेवाओं का उपयोग किया है? यदि हां, तो आपका अनुभव कैसा था?",,क्या आपको अपने ब्यूटी पार्लर के काम के दौरान किसी चुनौती का सामना करना पड़ा है? आपने इस चुनौती को कैसे पार किया और इससे क्या सीखा?,,,आपके जीवन में किस चीज़ का सबसे ज्यादा महत्व है?,"हिंदी भाषा आपके राज्य की क्षेत्रीय बोलियों से कैसे भिन्न है? (Hints - बोलने का अलग तरीका, दूसरी भाषा अलग अलग शब्द )",कीड़े के काटने (जैसे मधुमक्खी के डंक) को ठीक करने के लिए आपके गाँव में लोकप्रिय कुछ घरेलू उपचार क्या हैं?
"क्या आपने किसी वित्तीय साक्षरता कार्यक्रम में भाग लिया है? आपने कौन से कौशल हासिल किए जिससे आपको अपने वित्त को बेहतर ढंग से प्रबंधित करने में मदद मिली? उदाहरण: ""मैंने सीखा कि अपने घरेलू खर्चों के लिए बजट कैसे बनाया जाता है।""",क्या स्वास्थ्य केंद्र पर बच्चों के विकास के बारे में कोई विशेष जानकारी या सेवाएं प्रदान की जाती हैं? क्या आपने उनका लाभ उठाया है?,,आपके ब्यूटी पार्लर के लिए आपकी दीर्घकालिक योजनाएं और लक्ष्य क्या हैं? आप अपने व्यवसाय को और बेहतर बनाने के लिए क्या कदम उठाने की योजना बना रहे/रही हैं?,,,"आपका पसंदीदा मौसम कौन सा है, और आपको यह क्यों पसंद है?",आपके राज्य की समृद्ध सांस्कृतिक विरासत को बचाए रखने और प्रमोट करने में हिंदी भाषा की क्या भूमिका है?,कमर दर्द के इलाज के लिए आपके गाँव में प्रचलित कुछ घरेलू उपचार क्या हैं?
"आपके गांव में इंटरनेट कनेक्शन ऑनलाइन बैंकिंग का उपयोग करने की आपकी क्षमता को कैसे प्रभावित कर रहा है? क्या आप किसी विशिष्ट चुनौती का उदाहरण दे सकते हैं? उदाहरण: ""कभी-कभी, इंटरनेट धीमा होता है, और मैं अपने बैंक खाते में लॉग इन नहीं कर पाता।""",क्या आपके स्वास्थ्य केंद्र में घरेलू हिंसा या महिलाओं के खिलाफ हिंसा के मामलों के लिए कोई सहायता उपलब्ध है? क्या आपने कभी इसका उपयोग किया है?,,आपने अपने ब्यूटी पार्लर के काम के दौरान ग्राहकों की कौन-कौन सी पसंद और नापसंद को देखा है? आप इन पसंद और नापसंद को कैसे मैनेज करते/करती हैं?,,,आपके होमटाउन या शहर के बारे में सबसे ज़्यादा क्या पसंद है और क्यों?,"रेडियो, टेलीविज़न और प्रिंट जैसे मीडिया में हिंदी भाषा का उपयोग कैसे किया जाता है?",घुटने के दर्द को ठीक करने के लिए आपके गाँव में प्रचलित कुछ घरेलू उपचार क्या हैं?
"क्या आप बैंकिंग ऐप्स का उपयोग करने में सहज महसूस करते हैं? आपको किन चुनौतियों का सामना करना पड़ता है? उदाहरण: ""मुझे अपना पासवर्ड याद रखने में परेशानी होती है और कभी-कभी लॉक हो जाता है।""",स्वास्थ्य केंद्र पर महिला स्वास्थ्य से संबंधित किसी विशेष कार्यक्रम या अभियान के बारे में आपको जानकारी है? आपने इनमें से किसी में भाग लिया है?,,क्या आपके ब्यूटी पार्लर में कोई विशेष ट्रीटमेंट या सेवा है जो आपके ग्राहकों के बीच बहुत लोकप्रिय है? इस सेवा के बारे में विस्तार से बताएं।,,,"आपको किस तरह का भोजन सबसे ज्यादा पसंद है, और आप इसे कहाँ खाना पसंद करते/करती हैं?","हिंदी भाषा की कुछ अनोखी विशेषताएँ क्या हैं, जैसे कि, इसकी व्याकरण और उच्चारण? (Hints - बोलने का तरीका, उसको लिखने का तरीका ).",कब्ज दूर करने के लिए आपके गाँव में प्रचलित कुछ घरेलू उपचार क्या हैं?
"आपके परिवार और दोस्तों ने आपको डिजिटल बैंकिंग को समझने में कैसे मदद की है? क्या आप कोई विशिष्ट उदाहरण साझा कर सकते हैं? उदाहरण: ""मेरे भाई ने मुझे बताया कि यूपीआई के माध्यम से पैसे कैसे भेजें।""",क्या आपको स्वास्थ्य केंद्र में किसी विशिष्ट समय पर लंबे समय तक इंतजार करना पड़ता है? इन परिस्थितियों का प्रबंधन करने के लिए आपने क्या किया है?,,क्या आपने अपने ब्यूटी पार्लर के काम के दौरान किसी खास व्यक्ति से प्रेरणा ली है? इस व्यक्ति ने आपके काम को कैसे प्रभावित किया है?,,,आपकी सबसे गौरवपूर्ण उपलब्धि क्या है? और यह सबसे गर्व क्यों हैं?,"स्थानीय अर्थव्यवस्था, जैसे व्यापार और कॉमर्स में हिंदी भाषा का उपयोग कैसे किया जाता है? (Hints - रोजमरा की व्यवहारिक गतिविधियो मैं हिंदी भाषा का उपयोग).",दस्त ठीक करने के लिए आपके गाँव में प्रचलित कुछ घरेलू उपचार क्या हैं?
"क्या आप ऑनलाइन बैंकिंग का उपयोग करते समय सुरक्षा को लेकर चिंतित हैं? आप अपनी सुरक्षा के लिए क्या कदम उठाते हैं? उदाहरण: ""सुरक्षित रहने के लिए मैं अपना पिन किसी के साथ साझा नहीं करता।""","क्या स्वास्थ्य केंद्र पर आपको उच्च रक्तचाप, मधुमेह, या अन्य दीर्घकालिक बीमारियों के प्रबंधन के लिए कोई सहायता मिली है?",,आप अपने ब्यूटी पार्लर में प्राकृतिक और हर्बल उत्पादों का कितना उपयोग करते/करती हैं? क्या आपको किसी विशेष प्राकृतिक उत्पाद से बहुत अच्छे परिणाम मिले हैं?,,,इस रोज़ बदलती दुनिया के बारे में आपके क्या विचार हैं? क्या आपको लगता है कि दुनिया बदल रही है,हिंदी बोलने वाले लोग अपनी पहचान और अपनेपन की भावना व्यक्त करने के लिए अपनी भाषा का उपयोग किस प्रकार करते हैं?,वजन बढ़ाने की कोशिश कर रहे किसी व्यक्ति के लिए आपके गांव में लोकप्रिय घरेलू उपचार क्या हैं?
"क्या आप भुगतान के लिए UPI का उपयोग करने के बारे में जानते हैं? क्या आपने इसका उपयोग किसी लेन-देन के लिए किया है? उदाहरण: ""मैंने पिछले सप्ताह किराने के सामान का भुगतान करने के लिए UPI का उपयोग किया, और यह त्वरित था।""",क्या आपने स्वास्थ्य केंद्र पर किसी अन्य महिला के साथ अपनी प्रसव और मातृत्व देखभाल के अनुभवों को साझा किया है? क्या इससे आपको कोई सहायता या सांत्वना मिली?,,आप अपने ब्यूटी पार्लर में ग्राहकों की विशिष्ट आवश्यकताओं को कैसे समझते/समझती हैं और उन्हें पूरा करने के लिए क्या कदम उठाते/उठाती हैं?,,,आपको किस चीज़ से खुशी मिलती है? और क्यों ?,"हिंदी भाषा के बारे में कुछ आम भ्रांतियां क्या हैं, और इन्हें कैसे दूर किया जा सकता है? (Hints हिंदी भाषा समझने के लिये कठीण हैं, उसका व्याकरण बहूत कठीण हैं ).",वजन कम करने की कोशिश कर रहे लोगों के लिए आपके गांव में लोकप्रिय कुछ घरेलू उपचार क्या हैं?
"डिजिटल बैंकिंग ने आपके व्यवसाय पर कैसे सकारात्मक प्रभाव डाला है? क्या आप अपने अनुभव किए गए विशिष्ट लाभ साझा कर सकते हैं? उदाहरण: ""मुझे ग्राहकों से अब बहुत तेजी से भुगतान मिलता है।""",क्या स्वास्थ्य केंद्र पर आपके बच्चे की वृद्धि और विकास का नियमित रूप से मूल्यांकन किया जाता है? क्या आपको इस संबंध में उचित सलाह और मार्गदर्शन प्राप्त होता है?,,क्या आपके ब्यूटी पार्लर में किसी विशेष मौसम या त्यौहार के दौरान ग्राहकों की संख्या में वृद्धि होती है? आप इस दौरान ग्राहकों की बढ़ती मांग को कैसे मैनेज करते/करती हैं?,,,स्कूल में आपका पसंदीदा विषय क्या था और आपको इसमें मज़ा क्यों आता था?,अपने पूरे इतिहास में हिंदी भाषा अन्य भाषाओं और संस्कृतियों से कैसे प्रभावित हुई है?,वजन बढ़ाने की कोशिश कर रहे किसी व्यक्ति के लिए आपके गांव में लोकप्रिय घरेलू उपचार क्या हैं?
"क्या आपने डिजिटल बैंकिंग के बारे में अपने गाँव के अन्य लोगों से कोई सफलता की कहानियाँ सुनी हैं? इन कहानियों ने आपको कैसे प्रेरित किया? उदाहरण: ""एक पड़ोसी ने मुझे बताया कि कैसे डिजिटल भुगतान ने उसे अपनी दुकान का विस्तार करने में मदद की।""",स्वास्थ्य केंद्र पर मातृत्व देखभाल के लिए कोई विशेष संसाधन या साहित्य उपलब्ध हैं? क्या आपको इनसे लाभ हुआ है?,,आप अपने ब्यूटी पार्लर के कर्मचारियों को कैसे ट्रेनिंग देते/देती हैं और उनके काम की गुणवत्ता को कैसे सुनिश्चित करते/करती हैं?,,,"क्या आप उस बीच की पीढ़ी का हिस्सा हैं जो पुरानी पीढ़ी और युवा पीढ़ी, दोनों के बीच संतुलन बनाए रखने की कोशिश करती है कि वे क्या चाहती हैं? ये दो अलग-अलग दुनियाँ हैं और क्या आप दोनों पीढ़ियों को संभालने के अनुभव, उनमें क्या समानताए हैं और क्या अंतर हैं, उसके बारे में बताएंगे/बताएंगी। (hints - तकनीकी प्रगति, सामाजिक परिवर्तन, बदलती जरूरतें और इच्छाएं)","हिंदी भाषा के कुछ दिलचस्प और अनोखे शब्द या वाक्यांश क्या हैं जो आपको विशेष रूप से दिलचस्प या उल्लेखनीय लगते हैं? (Hints - हात का मैल, नेहेले पे देहला ).",बालों और त्वचा की देखभाल के लिए आपके गाँव में प्रचलित कुछ घरेलू नुस्खे क्या हैं?
"डिजिटल बैंकिंग सेवाओं को और अधिक सुलभ बनाने के लिए आप उनमें क्या बदलाव देखना चाहेंगे? उदाहरण: ""मैं आसान उपयोग के लिए अपनी स्थानीय भाषा में अधिक ऐप्स चाहता हूं।""",क्या आपको अपने स्वास्थ्य केंद्र में गर्भनिरोधक के बारे में सलाह और जानकारी प्राप्त होती है? क्या यह जानकारी आपके लिए उपयोगी रही है?,,क्या आपके ब्यूटी पार्लर में आने वाले ग्राहकों में किसी विशेष आयु वर्ग या समाजिक समूह के लोग अधिक होते हैं? आप इस समूह की आवश्यकताओं को कैसे पूरा करते/करती हैं?,,,,हिंदी बोलने वाले लोग ऐसे अन्य लोगों के साथ बात कैसे करते हैं जो उनकी भाषा नहीं बोलते हैं?,मधुमेह से निपटने के लिए आपके गाँव में प्रचलित कुछ घरेलू उपचार क्या हैं?
"क्या आप डिजिटल बैंकिंग के बारे में कार्यशालाओं में भाग लेने में रुचि लेंगे? आप कौन से विषय सीखना चाहेंगे? उदाहरण: ""मैं अपने बच्चों की शिक्षा के लिए पैसे बचाने और निवेश करने के बारे में सीखना चाहता हूँ।""",क्या आपके स्वास्थ्य केंद्र में महिलाओं के लिए कोई विशेष समर्थन समूह या बैठकें आयोजित की जाती हैं? क्या आपने इनमें भाग लिया है और यह आपके लिए कैसे सहायक रही हैं?,,आपके ब्यूटी पार्लर के काम के दौरान आपने कौन-कौन से नए कौशल सीखे हैं? इन कौशलों ने आपके काम को कैसे प्रभावित किया है?,,,,टेक्नोलॉजी और इंटरनेट का इस्तेमाल बढ़ने से हिंदी भाषा का उपयोग कैसे बदल गया है?,अगर आपके गांव में किसी को सांप काट ले तो आप क्या करेंगे?
"क्या आप डिजिटल बैंकिंग सेवाओं से जुड़ी फीस के बारे में स्पष्ट हैं? अधिक जानकारीपूर्ण महसूस करने के लिए आपको किस जानकारी की आवश्यकता है? उदाहरण: ""मैं जानना चाहता हूं कि पैसे ट्रांसफर करने के लिए मुझसे कितना शुल्क लिया जाएगा।""",क्या स्वास्थ्य केंद्र पर आपकी भाषा और संस्कृति के अनुरूप सेवाएं उपलब्ध हैं? क्या इससे आपकी सेवा अनुभव पर सकारात्मक प्रभाव पड़ा है?,,क्या आपको लगता है कि ब्यूटी पार्लर के काम ने आपके व्यक्तिगत जीवन को भी प्रभावित किया है? इस काम से आपको व्यक्तिगत रूप से क्या फायदा हुआ है?,,,,"हिंदी भाषा को बचाए रखने और प्रमोट करने के लिए क्या कोशिशें की जा रही हैं, और आम लोग इन कोशिशो में कैसे जुड़ सकते हैं? (Hints - हिंदी भाषा का प्रचार और प्रसार करना, उसको बढावा देना.).",अगर आपके गांव में किसी को कुत्ता काट ले तो आप क्या करेंगे?
"आप अपनी बैंकिंग सेवाओं में क्या सुधार देखना चाहेंगे? वर्तमान में आपके सामने सबसे बड़ा मुद्दा क्या है? उदाहरण: ""मेरे गाँव के एटीएम में अक्सर नकदी नहीं होती, जिससे पैसे निकालना मुश्किल हो जाता है।""",क्या स्वास्थ्य केंद्र पर आपको मातृत्व के बाद भी देखभाल और समर्थन मिलता है? यह देखभाल कितनी उपयोगी रही है?,,,,,,,सांप के काटने या कीड़े के काटने जैसे जानवरों के काटने से सुरक्षित रहने के कुछ तरीके क्या हैं?
,क्या आपको लगता है कि आपके स्वास्थ्य केंद्र में महिलाओं के स्वास्थ्य के मुद्दों पर पर्याप्त ध्यान दिया जाता है? आप इसमें और क्या सुधार देखना चाहेंगी?,,,,,,,आपके गांव में खराब एम्बुलेंस कनेक्टिविटी के कारण क्या चुनौतियाँ हैं?
,क्या स्वास्थ्य केंद्र में बच्चे के पहले दो वर्षों में किसी विशिष्ट स्वास्थ्य जांच की आवश्यकता है? क्या आपको इस प्रक्रिया के बारे में जानकारी दी गई?,,,,,,,आपके गाँव के लोग अपने बच्चों को पोलियो से बचाने के लिए क्या करते हैं?
,क्या स्वास्थ्य केंद्र पर किसी आपातकालीन स्थिति में आपकी सहायता के लिए त्वरित और प्रभावी सेवाएं उपलब्ध हैं? क्या आपने कभी इनका उपयोग किया है?,,,,,,,डेंगू बुखार और मलेरिया जैसी मच्छर जनित बीमारियों को रोकने के लिए कौन सी प्रथाओं का पालन किया जाता है?
,क्या आपको अपने स्वास्थ्य केंद्र में परिवार नियोजन के विकल्पों के बारे में जानकारी मिली है? क्या इस जानकारी से आपके निर्णय पर कोई प्रभाव पड़ा है?,,,,,,,यदि आपके गांव में किसी के अंग की हड्डी टूट जाए तो क्या होगा? उपचार और पुनर्प्राप्ति प्रक्रिया क्या है?
,क्या स्वास्थ्य केंद्र में अन्य महिलाओं के साथ स्वास्थ्य संबंधी जानकारी साझा करने के अवसर मिलते हैं? क्या यह अनुभव आपके लिए सहायक रहा है?,,,,,,,आपके गांव में अंत्येष्टि संबंधी कौन-कौन से संस्कार हैं?
,क्या आपने स्वास्थ्य केंद्र पर टीकाकरण के महत्व के बारे में कोई विशेष जानकारी प्राप्त की है? क्या इससे आपके निर्णय पर कोई प्रभाव पड़ा है?,,,,,,,एक नवजात शिशु के पहले वर्ष के दौरान किए जाने वाले विभिन्न संस्कार क्या हैं?
,क्या स्वास्थ्य केंद्र में आप अपने बच्चे की बीमारियों और स्वास्थ्य समस्याओं के बारे में सलाह और उपचार प्राप्त करने में सक्षम हैं?,,,,,,,गर्भावस्था के विभिन्न चरणों के दौरान विभिन्न अनुष्ठान/कार्य क्या हैं?
,,,,,,,,"डिलीवरी के तुरंत बाद आप महिलाओं की देखभाल कैसे करती हैं? माँ और बच्चे के अच्छे स्वास्थ्य को सुनिश्चित करने के लिए कोई विशेष आहार, अभ्यास?"
,,,,,,,,आप नवजात बच्चों की देखभाल कैसे करती हैं? उनके जन्म के पहले वर्ष में उनका आहार पैटर्न क्या है?
,,,,,,,,आपके गाँव में शादियाँ कैसे होती हैं? दोनों परिवारों के बीच पहली मुलाकात कैसे तय होती है और मुलाकात के दौरान क्या होता है?
,,,,,,,,वे कौन-से विभिन्न कारण हैं जिनके कारण आपके गाँव के वृद्ध लोग बिस्तर पर पड़ जाते हैं और उनके परिवार के सदस्य उनकी देखभाल कैसे करते हैं?
,,,,,,,,बचपन में सुनी हुई किसी भूत की कहानी के बारे में बताएं।
,,,,,,,,"यदि आपके पास मवेशी हैं, तो मवेशियों की देखभाल के लिए दिन भर में कौन-कौन सी गतिविधियाँ की जाती हैं?"
,,,,,,,,"यदि आपके पास मवेशी हैं, तो आप नवजात मवेशियों की क्या देखभाल करते हैं?"
,,,,,,,,आप आस-पास के शहरों/गांवों में कितनी बार जाते हैं और किन उद्देश्यों के लिए?
,,,,,,,,क्या आप मुझे बता सकते हैं कि आपके गाँव की महिलाएँ मसाले (लाल मिर्च पाउडर) पीसने के लिए कैसे एकत्रित होती हैं?
,,,,,,,,कपड़े धोने के लिए आप क्या करते हैं और अलग-अलग मौसम में उन्हें कैसे सुखाते हैं? आप यह कैसे सुनिश्चित करते हैं कि आप बहुत सारा पानी बर्बाद न करें?
,,,,,,,,क्या आप प्रेशर कुकर का इस्तेमाल करते हैं या आप खुले बर्तन में पका खाना पसंद करते हैं? तैयारी और/या स्वाद अलग कैसे है?
,,,,,,,,क्या आप अपनी रसोई में मौजूद विभिन्न बर्तनों का वर्णन कर सकते हैं और उनमें से प्रत्येक का उपयोग किस लिए किया जाता है?
,,,,,,,,"रसोई और शौचालय में चूहों, कोकोरोचों आदि के खतरे से बचने के लिए आप क्या करते हैं?"
,,,,,,,,"क्या आपके गांव के लोगों के लिए कर्ज लेना आम बात है? यदि हां, तो किन उद्देश्यों के लिए और वे ऋण के लिए किससे संपर्क करते हैं? आपने ऋण लेने के क्या प्रतिकूल प्रभाव देखे हैं?"
,,,,,,,,आपके गांव में परिवारों के बीच के विवाद कैसे सुलझाए जाते हैं? क्या आप हमें हाल के एक विवाद के बारे में बता सकते हैं और इसे कैसे सुलझाया गया?
,,,,,,,,आपके गाँव के युवाओं के लिए सबसे लोकप्रिय कार्य स्थल कौन सा है? वे किस शहर/कस्बे में प्रवास करते हैं और वे कौन से विशिष्ट कार्य करते हैं?
,,,,,,,,"आप आमतौर पर कहां जाते हैं (काम, मनोरंजन, विश्राम के लिए)"
,,,,,,,,आपके गांव का स्थानीय देवता कौन है? उनकी पूजा में कौन से रीति-रिवाजों का पालन किया जाता है?
,,,,,,,,कुछ अंधविश्वासों के बारे में बताएं जिन पर आप या आपके क्षेत्र के लोग पूरी तरह से विश्वास करते हैं?
,,,,,,,,शहरों में विस्थापित होने के बावजूद आप अभी भी गाँव में रहना क्यों पसंद करते हैं?
,,,,,,,,आप अपने घर में झाडू और पोछा कैसे लगाते हैं? क्या आप अपने घर के फर्श पर गाय के गोबर का प्रयोग करते हैं? क्या आप इसके कोई स्वास्थ्य लाभ जानते हैं?
,,,,,,,,बर्तन धोने की प्रक्रिया को समझाइए? तेल वाले बर्तन को साफ करने के लिए आप किसका प्रयोग करते हैं?
,,,,,,,,"आपके द्वारा पढ़ी गई कुछ पारंपरिक/धार्मिक पुस्तकें/पाठ क्या हैं (उदाहरण के लिए: भागवत गीता, भागवत पुराण, पौराणिक कहानियाँ, कुरान, बाइबिल, गुरुग्रंथ साहिब, प्रवचन आदि) यह आपकी किस तरह मदद करता है? तुमने इससे क्या सीखा?"
,,,,,,,,क्या आप अपने गाँव की किराने की दुकानों का वर्णन कर सकते हैं? वहां क्या-क्या चीजें मिलती हैं? क्या आप सौदेबाजी करते हैं या बाद में भुगतान करते हैं?
,,,,,,,,सब्जी की दुकान पर कौन सी सब्जी मिलती है?
,,,,,,,,लोग शादी में दुल्हन को क्या तोहफा देते हैं? दहेज दिया जाता है?
,,,,,,,,क्या आप अपने गांव के बारे में बात कर सकते हैं और आपको यह क्यों पसंद है?